{"cameraMode":{"drawMode":0,"name":"Shaded","section":"Shading Mode"},"sceneLighting":false,"audioPlay":false,"sceneViewState":{"showFog":true,"showMaterialUpdate":false,"showSkybox":false,"showFlares":true,"showImageEffects":true,"showParticleSystems":true},"in2DMode":false,"pivot":{"x":0.9318729043006897,"y":0.2771352529525757,"z":-0.09905672073364258},"rotation":{"x":0.000044928525312570855,"y":-0.9884122014045715,"z":0.15180905163288117,"w":0.0002929123002104461},"size":8.282462120056153,"orthographic":true}