{"cameraMode":{"drawMode":0,"name":"Shaded","section":"Shading Mode"},"sceneLighting":true,"audioPlay":false,"sceneViewState":{"showFog":true,"showMaterialUpdate":false,"showSkybox":true,"showFlares":true,"showImageEffects":true,"showParticleSystems":true},"in2DMode":false,"pivot":{"x":-272.69000244140627,"y":62.641998291015628,"z":3327.614990234375},"rotation":{"x":0.14202450215816499,"y":0.46776628494262698,"z":-0.07644820958375931,"w":0.8690111637115479},"size":3.266792058944702,"orthographic":true}