{"cameraMode":{"drawMode":0,"name":"Shaded","section":"Shading Mode"},"sceneLighting":false,"audioPlay":false,"sceneViewState":{"showFog":true,"showMaterialUpdate":false,"showSkybox":false,"showFlares":true,"showImageEffects":true,"showParticleSystems":true},"in2DMode":false,"pivot":{"x":3.929999828338623,"y":0.35999998450279238,"z":1.648900032043457},"rotation":{"x":0.08738645166158676,"y":0.872948169708252,"z":-0.44882020354270937,"w":0.16996483504772187},"size":1.7659666538238526,"orthographic":true}