{"cameraMode":{"drawMode":0,"name":"Shaded","section":"Shading Mode"},"sceneLighting":false,"audioPlay":false,"sceneViewState":{"showFog":true,"showMaterialUpdate":false,"showSkybox":false,"showFlares":true,"showImageEffects":true,"showParticleSystems":true},"in2DMode":false,"pivot":{"x":2.558000087738037,"y":0.05000000447034836,"z":1.899999976158142},"rotation":{"x":0.08738645166158676,"y":0.872948169708252,"z":-0.44882020354270937,"w":0.16996483504772187},"size":1.3878644704818726,"orthographic":true}