{"cameraMode":{"drawMode":0,"name":"Shaded","section":"Shading Mode"},"sceneLighting":false,"audioPlay":false,"sceneViewState":{"showFog":true,"showMaterialUpdate":false,"showSkybox":false,"showFlares":true,"showImageEffects":true,"showParticleSystems":true},"in2DMode":false,"pivot":{"x":-0.10136637091636658,"y":-0.04390984773635864,"z":-0.054691605269908908},"rotation":{"x":0.1274721473455429,"y":-0.13347209990024568,"z":0.017314070835709573,"w":0.9826685786247253},"size":1.8055182695388795,"orthographic":true}