{"cameraMode":{"drawMode":0,"name":"Shaded","section":"Shading Mode"},"sceneLighting":true,"audioPlay":false,"sceneViewState":{"showFog":true,"showMaterialUpdate":false,"showSkybox":true,"showFlares":true,"showImageEffects":true,"showParticleSystems":true},"in2DMode":false,"pivot":{"x":-307.2109680175781,"y":65.89057922363281,"z":3288.639892578125},"rotation":{"x":-0.0361851304769516,"y":-0.9608699083328247,"z":0.1520085334777832,"w":-0.22873812913894654},"size":15.759862899780274,"orthographic":true}