{"cameraMode":{"drawMode":0,"name":"Shaded","section":"Shading Mode"},"sceneLighting":true,"audioPlay":false,"sceneViewState":{"showFog":true,"showMaterialUpdate":false,"showSkybox":true,"showFlares":true,"showImageEffects":true,"showParticleSystems":true},"in2DMode":false,"pivot":{"x":-348.7025146484375,"y":161.40086364746095,"z":2145.573974609375},"rotation":{"x":0.23309391736984254,"y":-0.6414035558700562,"z":0.2139064371585846,"w":0.6989369988441467},"size":157.46104431152345,"orthographic":true}