{"cameraMode":{"drawMode":0,"name":"Shaded","section":"Shading Mode"},"sceneLighting":false,"audioPlay":false,"sceneViewState":{"showFog":true,"showMaterialUpdate":false,"showSkybox":false,"showFlares":true,"showImageEffects":true,"showParticleSystems":true},"in2DMode":false,"pivot":{"x":0.09244918823242188,"y":3.8487768173217775,"z":-0.48990488052368166},"rotation":{"x":0.07811086624860764,"y":-0.7222512364387512,"z":0.08269520103931427,"w":0.6822129487991333},"size":30.991071701049806,"orthographic":true}