{"cameraMode":{"drawMode":0,"name":"Shaded","section":"Shading Mode"},"sceneLighting":false,"audioPlay":false,"sceneViewState":{"showFog":true,"showMaterialUpdate":false,"showSkybox":false,"showFlares":true,"showImageEffects":true,"showParticleSystems":true},"in2DMode":false,"pivot":{"x":-0.04732692241668701,"y":1.4233908653259278,"z":-0.19857531785964967},"rotation":{"x":0.1087823286652565,"y":0.8343074321746826,"z":-0.17782607674598695,"w":0.5103713274002075},"size":4.246920585632324,"orthographic":true}