{"cameraMode":{"drawMode":0,"name":"Shaded","section":"Shading Mode"},"sceneLighting":true,"audioPlay":false,"sceneViewState":{"showFog":true,"showMaterialUpdate":false,"showSkybox":true,"showFlares":true,"showImageEffects":true,"showParticleSystems":true},"in2DMode":false,"pivot":{"x":-45.967864990234378,"y":0.244140625,"z":57.149757385253909},"rotation":{"x":0.22467564046382905,"y":0.174298956990242,"z":-0.040884070098400119,"w":0.957846462726593},"size":2.3963611125946047,"orthographic":true}