{"cameraMode":{"drawMode":0,"name":"Shaded","section":"Shading Mode"},"sceneLighting":false,"audioPlay":false,"sceneViewState":{"showFog":true,"showMaterialUpdate":false,"showSkybox":false,"showFlares":true,"showImageEffects":true,"showParticleSystems":true},"in2DMode":false,"pivot":{"x":-308.2799987792969,"y":64.4000015258789,"z":3296.8798828125},"rotation":{"x":0.03911914676427841,"y":-0.9584596157073975,"z":0.23150573670864106,"w":0.161959707736969},"size":2.857898473739624,"orthographic":true}