{"cameraMode":{"drawMode":0,"name":"Shaded","section":"Shading Mode"},"sceneLighting":false,"audioPlay":false,"sceneViewState":{"showFog":true,"showMaterialUpdate":false,"showSkybox":false,"showFlares":true,"showImageEffects":true,"showParticleSystems":true},"in2DMode":false,"pivot":{"x":-0.04448002576828003,"y":0.5394471287727356,"z":-0.14636147022247315},"rotation":{"x":0.05568490922451019,"y":-0.7735313773155212,"z":0.06863684207201004,"w":0.6275649666786194},"size":2.994638204574585,"orthographic":true}