{"cameraMode":{"drawMode":0,"name":"Shaded","section":"Shading Mode"},"sceneLighting":true,"audioPlay":false,"sceneViewState":{"showFog":true,"showMaterialUpdate":false,"showSkybox":true,"showFlares":true,"showImageEffects":true,"showParticleSystems":true},"in2DMode":false,"pivot":{"x":-390.2543640136719,"y":63.31089782714844,"z":3321.142578125},"rotation":{"x":0.02809314616024494,"y":-0.7195484042167664,"z":0.0291569996625185,"w":0.6932643055915833},"size":6.858519077301025,"orthographic":true}