{"cameraMode":{"drawMode":0,"name":"Shaded","section":"Shading Mode"},"sceneLighting":true,"audioPlay":false,"sceneViewState":{"showFog":true,"showMaterialUpdate":false,"showSkybox":true,"showFlares":true,"showImageEffects":true,"showParticleSystems":true},"in2DMode":false,"pivot":{"x":-275.7958984375,"y":79.673828125,"z":3295.4130859375},"rotation":{"x":0.2852182686328888,"y":0.18399398028850556,"z":-0.05589119717478752,"w":0.9389763474464417},"size":9.634432792663575,"orthographic":true}