{"cameraMode":{"drawMode":0,"name":"Shaded","section":"Shading Mode"},"sceneLighting":false,"audioPlay":false,"sceneViewState":{"showFog":true,"showMaterialUpdate":false,"showSkybox":false,"showFlares":true,"showImageEffects":true,"showParticleSystems":true},"in2DMode":false,"pivot":{"x":0.03485158830881119,"y":0.04142399877309799,"z":0.002099999925121665},"rotation":{"x":0.2920483350753784,"y":0.32414472103118899,"z":-0.1059442088007927,"w":0.8935413360595703},"size":22.0,"orthographic":true}